Name,Phone Number
Abdul,+2348023824036
Abuchi,+2348035843275
Adeola,+2348129489697
Adora,+2348034078404
Aibee,+2348170038824
Alessandro,+393807827463
Angel,+2348066320108
Ann,+2348038602111
Anthony,+2348104871111
Ariyike,+2348139736888
Austin,+2348067275007
Baba Are,+2348033480122
Bassey,+2348038695182
Bayo,+2348098156220
Betty,+2348186027477
Bizzle,+2348127415579
Bolaji,+2348086659341
Bolaji,+2348033730347
Boye and wife,+2348039399735
Buki HQ,+2348033122390
Casa,+2348124678998
CY,+2347031807117
Dami,+2348112609917
Dayo Ayoade,+2348183308703
Deji,+2348188690125
Demola,+2348131674747
Demola (beer barn),+2349024495007
Deyemi,+2348023428523
DJ Neptune,+2348025282300
DJ Obi,+2348091537777
Dope Caesar,+2348121747041
Dr Dami,+2348060420628
Dr Diya,+2348188410010
Dr Seun,+2347034160616
Dwin the Stoic,+2349152168899
Ejiro,+2348094098684
Elizabeth Ibeanu,+2347033450805
Eniola Tizzle,+2348068518089
Erumu,+2348023029243
Evelle,+2349134250576
Femisola +1,+2348115910713
Fresh Ll +5,+2348063362251
Gbuyi,+2348025099418
Guest,+2347037871750
Hamgad/Ahmed,+2348103047304
Hava,+2348169928501
Ifeanyi INC,+2349037344331
Isaac,+2348035171101
Jekwu,+2348034330022
Jimi,+2348053833839
Kamal,+2347066642805
Kamal,+2347067664359
Kennedy & wife,+2348160474383
Korty,+2349138126421
Mabel,+2348038839376
Maleek,2348134491733
Matthew Ohio,+2347033851022
Nanklay,+2347061092787
Odushile Omodolapo,+2348101143265
Oluwaseun,+2348033374247
Paul,+2347033940490
Qing Madi,+447936946187
Qing Madi plus 1,+447936946187
Sammy Okwandu,+2348028492887
Sean,+2347044194900
Spinall,+2349099364383
Tgarbs,+2349053480087
Ttdalk,+2347085692988
Tunde Demuren,+2347034235598
Ugo Ebeniro,+2348088988073
Wunmi,+2347068777025
Yhemo lee,+2349010576781
Yinka,+2348022220931
Yusuf,+2348090416387
Zulu,+2348057784005
,+2348065171157
,+2348086659341
,+2348034019685
