Name,Phone,Status,RSVP Link
Ugo Ebeniro,+2348088988073,read,https://accredit.vip/rsvp/560fb62d-f7f5-459b-924e-0a95893ba111
Odushile Omodolapo,+2348101143265,read,https://accredit.vip/rsvp/a72b4322-2041-4fc5-ba6e-c9cb47e45bd4
Abdul,+2348023824036,delivered,https://accredit.vip/rsvp/6c510426-5b39-4f35-ab16-8d520de4bde8
Tunde Demuren,+2347034235598,delivered,https://accredit.vip/rsvp/d303744f-af89-4d3d-85b6-9c7c0de4767f
Ttdalk,+2347085692988,read,https://accredit.vip/rsvp/ba0aea92-347b-4b77-891a-f7fd17e6600d
Dr Seun,+2347034160616,read,https://accredit.vip/rsvp/3130d61a-5135-4a9e-8b56-334c009f25d1
Mabel,+2348038839376,delivered,https://accredit.vip/rsvp/b2067921-8132-4b82-9f37-25caab17d89e
Baba Are,+2348033480122,read,https://accredit.vip/rsvp/bb7a4574-a472-4a17-9fd0-0b4bb7d45c61
Jekwu,+2348034330022,delivered,https://accredit.vip/rsvp/f73ec4cf-9c56-43d4-bc91-614d8f6dc30f
Deyemi,+2348023428523,delivered,https://accredit.vip/rsvp/06dc71bd-7785-4822-af6b-31a96180ceed
Korty,+2349138126421,delivered,https://accredit.vip/rsvp/44c70403-a0a1-4e5c-b696-d46573f9764d
Yhemo lee,+2349010576781,read,https://accredit.vip/rsvp/16fba6c5-2351-4c9a-88c3-1e0793ee0483
Austin,+2348067275007,delivered,https://accredit.vip/rsvp/abe174a0-3bc3-422d-9d41-14ca27fadcd2
Yinka,+2348022220931,read,https://accredit.vip/rsvp/912e847e-2e02-43eb-bce7-4f2a291f2cc7
Sean,+2347044194900,read,https://accredit.vip/rsvp/f6b54252-e186-40df-94c7-cc123362040d
Yusuf,+2348090416387,delivered,https://accredit.vip/rsvp/b09c73d0-7fc7-4820-8fb6-7e54407b497f
Ifeanyi INC,+2349037344331,delivered,https://accredit.vip/rsvp/35c55552-7d7b-4dc0-afa9-7b176752ebaf
Bolaji,+2348086659341,read,https://accredit.vip/rsvp/1212c449-e82f-4b0e-85b5-98293f176b93
Alessandro,+393807827463,read,https://accredit.vip/rsvp/27eb0c1c-7a28-4c57-b85f-9edc05603ddd
Evelle,+2349134250576,delivered,https://accredit.vip/rsvp/5fe5ee91-d574-4a32-aa14-1b16866b9f66
Spinall,+2349099364383,delivered,https://accredit.vip/rsvp/6b2b43f2-a5d7-4dd3-9bae-f3b440b692d2
Abuchi,+2348035843275,read,https://accredit.vip/rsvp/600c3789-efda-4c27-9a7c-aa38278ef13f
Matthew Ohio,+2347033851022,delivered,https://accredit.vip/rsvp/676c670c-4318-4158-b3b5-33844215c4d3
Elizabeth Ibeanu,+2347033450805,delivered,https://accredit.vip/rsvp/03201f11-0616-49a4-a0ed-fcae952046fa
Ann,+2348038602111,delivered,https://accredit.vip/rsvp/148d1c77-36a9-4e6a-98af-6a5beb219c37
Buki HQ,+2348033122390,delivered,https://accredit.vip/rsvp/96edeef2-d140-462a-9f96-6efd2ad662ea
Tgarbs,+2349053480087,delivered,https://accredit.vip/rsvp/8f46f2f8-912d-479b-8547-ae78fa857bca
DJ Obi,+2348091537777,delivered,https://accredit.vip/rsvp/ac1c1b34-aa3a-4d3d-9b22-bd993211a7cd
Sammy Okwandu,+2348028492887,read,https://accredit.vip/rsvp/69808694-2810-4a02-b7a1-0e464d60c730
Paul,+2347033940490,delivered,https://accredit.vip/rsvp/f6e62aea-c7b0-4abc-aad3-f50ab3c1fc9a
Wunmi,+2347068777025,delivered,https://accredit.vip/rsvp/fbbb3371-609b-45a1-b3e3-44821db02948
Zulu,+2348057784005,read,https://accredit.vip/rsvp/7aef2d9e-a103-40b2-85d3-d20ec4c1edec
Isaac,+2348035171101,read,https://accredit.vip/rsvp/68028ecd-8f64-4a6c-90d1-5713ae531586
Adora,+2348034078404,delivered,https://accredit.vip/rsvp/f6d3b595-6c35-4532-8965-8af2a5bf4c69
Kamal,+2347066642805,delivered,https://accredit.vip/rsvp/359f768f-daf0-476d-a74a-0d0911fbad6c
Deji,+2348188690125,delivered,https://accredit.vip/rsvp/2c461493-2775-4bc4-9b17-fe97c395b922
Kamal,+2347067664359,delivered,https://accredit.vip/rsvp/0a2eb216-921f-4e7c-b50d-64cd97faf238
Jimi,+2348053833839,delivered,https://accredit.vip/rsvp/52735135-069d-4aa9-95ba-812d342b675c
Gbuyi,+2348025099418,read,https://accredit.vip/rsvp/c59092b5-ab23-4418-9ed8-6225ec837ca9
Qing Madi,+447936946187,delivered,https://accredit.vip/rsvp/4bd8b11b-01f6-4e54-8933-1df6f00c2782
Kennedy & wife,+2348160474383,read,https://accredit.vip/rsvp/9255fa0c-d395-4c9e-9a46-ca05cdf718d8
Betty,+2348186027477,delivered,https://accredit.vip/rsvp/2072d1eb-2f71-4441-b991-e3219559944c
+2348065171157,+2348065171157,read,https://accredit.vip/rsvp/Z8bKrF7v8IhIqegimnp_T9KEMwGSfbvSB7wL-e1CdI8
Qing Madi plus 1,+447936946187,delivered,https://accredit.vip/rsvp/7bcbfd67b1dd8438
Guest,+2347037871750,read,https://accredit.vip/rsvp/b8e79946cb0f9112
