Name,Phone,RSVP Link,Error,Date Sent
Ugo Ebeniro,+2348088988073,https://accredit.vip/rsvp/560fb62d-f7f5-459b-924e-0a95893ba111,63049 - Daily WhatsApp messaging cap exceeded,"Wed, 08 Jul 2026 08"
Odushile Omodolapo,+2348101143265,https://accredit.vip/rsvp/a72b4322-2041-4fc5-ba6e-c9cb47e45bd4,63049 - Daily WhatsApp messaging cap exceeded,"Wed, 08 Jul 2026 08"
Ojo,+2347017153550,https://accredit.vip/rsvp/35bd476a-de6c-4345-bba5-b3b10e416323,63049 - Daily WhatsApp messaging cap exceeded,"Wed, 08 Jul 2026 16"
Priest,+2348162955229,https://accredit.vip/rsvp/81d92cff-2d68-46ed-a0c6-3657030eb054,63016 - Number not on WhatsApp,"Wed, 08 Jul 2026 16"
Omoragbon,+2347031138772,https://accredit.vip/rsvp/46bfb8fc-46d7-4f20-8062-d0baf1fd5f27,63049 - Daily WhatsApp messaging cap exceeded,"Wed, 08 Jul 2026 16"
Udoka,+2348084724322,https://accredit.vip/rsvp/edfa50fc-851e-40c0-b66e-c1d401376c5c,63049 - Daily WhatsApp messaging cap exceeded,"Wed, 08 Jul 2026 16"
Adeola,+2348129489697,https://accredit.vip/rsvp/893f90f8-e9a8-4f61-8218-17b62b0f787b,63049 - Daily WhatsApp messaging cap exceeded,"Wed, 08 Jul 2026 16"
Toolz,+2348063382531,https://accredit.vip/rsvp/ad55642f-d850-4a68-9ad7-0e7ef4b9770e,63049 - Daily WhatsApp messaging cap exceeded,"Wed, 08 Jul 2026 16"
Ttdalk,+2347085692988,https://accredit.vip/rsvp/ba0aea92-347b-4b77-891a-f7fd17e6600d,63016 - Number not on WhatsApp,"Thu, 09 Jul 2026 19"
Hamgad/Ahmed,+2348103047304,https://accredit.vip/rsvp/e9d4d7a1-a6f7-42d8-9e06-335a15778630,63049 - Daily WhatsApp messaging cap exceeded,"Wed, 08 Jul 2026 16"
Dayo Adeyelure,+2348099440067,https://accredit.vip/rsvp/4285b86b-914f-42bc-ace2-4eb78c6458ae,63049 - Daily WhatsApp messaging cap exceeded,"Wed, 08 Jul 2026 16"
Dayo Ayoade,+2348183308703,https://accredit.vip/rsvp/b5a616ac-7143-4ad9-9d2a-393c2a76d6b4,63049 - Daily WhatsApp messaging cap exceeded,"Wed, 08 Jul 2026 16"
Hava,+2348169928501,https://accredit.vip/rsvp/c6d39e9f-6bc3-43a6-8030-4d96522ff84d,63016 - Number not on WhatsApp,"Wed, 08 Jul 2026 17"
Mr Kunmi,+2348022222575,https://accredit.vip/rsvp/6ee06d6d-4279-4838-9bda-49dcc88705dd,63049 - Daily WhatsApp messaging cap exceeded,"Wed, 08 Jul 2026 16"
Mr Ayo,+2348033500606,https://accredit.vip/rsvp/d22e6c71-0e77-4345-aeb4-8c43506a02e1,63016 - Number not on WhatsApp,"Wed, 08 Jul 2026 17"
Dr Mrs Durodola,+2348060420628,https://accredit.vip/rsvp/6abb0ae7-1cae-479a-a364-4c2f59d41c3a,63032 - WABA template policy violation,"Wed, 08 Jul 2026 16"
Sam,+2347064384786,https://accredit.vip/rsvp/cc10b452-2309-402f-a665-651fda37f2bb,63049 - Daily WhatsApp messaging cap exceeded,"Wed, 08 Jul 2026 16"
Ariyike,+2348139736888,https://accredit.vip/rsvp/65b503a3-b428-4653-b312-648aefaa7192,63049 - Daily WhatsApp messaging cap exceeded,"Wed, 08 Jul 2026 16"
Seun Johnson,+2348037843505,https://accredit.vip/rsvp/5f1e4de9-bc98-4855-84c7-12d944eee299,63016 - Number not on WhatsApp,"Wed, 08 Jul 2026 22"
JMD,+2348022226144,https://accredit.vip/rsvp/f74c820f-f72c-4bd9-87d4-64519c589edc,63016 - Number not on WhatsApp,"Wed, 08 Jul 2026 16"
Jeff,+2347063809255,https://accredit.vip/rsvp/f71213e9-19d7-4ab6-8391-d8c645570a53,63016 - Number not on WhatsApp,"Wed, 08 Jul 2026 16"
Dr Diya,+2348188410010,https://accredit.vip/rsvp/3c5f919e-00e5-4306-92ff-3023f60c7279,63049 - Daily WhatsApp messaging cap exceeded,"Wed, 08 Jul 2026 16"
Ushbebe,+2348069148672,https://accredit.vip/rsvp/497e1a5a-66dd-4b97-a560-c9549111afa7,63049 - Daily WhatsApp messaging cap exceeded,"Wed, 08 Jul 2026 16"
CY,+2347031807117,https://accredit.vip/rsvp/b67a53f7-0e31-40ae-8ebf-3ca6045209d6,63016 - Number not on WhatsApp,"Wed, 08 Jul 2026 19"
Jide,+2348033182409,https://accredit.vip/rsvp/1c1c1d78-5c51-4292-bb80-3e77e7d74219,63049 - Daily WhatsApp messaging cap exceeded,"Wed, 08 Jul 2026 16"
Jekwu,+2348034330022,https://accredit.vip/rsvp/f73ec4cf-9c56-43d4-bc91-614d8f6dc30f,63049 - Daily WhatsApp messaging cap exceeded,"Thu, 09 Jul 2026 21"
Waje,+2349077770000,https://accredit.vip/rsvp/e821aa43-26ea-492f-9369-7abf8c443fc0,63049 - Daily WhatsApp messaging cap exceeded,"Wed, 08 Jul 2026 16"
Yemisi+ Uche Montana,+2348033578640,https://accredit.vip/rsvp/03a18ba4-f5d8-4d43-a773-cb63830efeb7,63049 - Daily WhatsApp messaging cap exceeded,"Wed, 08 Jul 2026 16"
Kola Fash,+2348099441529,https://accredit.vip/rsvp/a86dee23-16bb-41f4-af95-67d1c877b6ee,63049 - Daily WhatsApp messaging cap exceeded,"Wed, 08 Jul 2026 16"
Shody,+2348168034395,https://accredit.vip/rsvp/ee738d79-7744-43ee-b392-25cd1d7b5964,63049 - Daily WhatsApp messaging cap exceeded,"Wed, 08 Jul 2026 16"
Ruth,+2347057127874,https://accredit.vip/rsvp/dcc13b2d-dc51-4089-8d3e-3f61ab823730,63016 - Number not on WhatsApp,"Wed, 08 Jul 2026 16"
Nelson Jack,+2348185553555,https://accredit.vip/rsvp/18532729-6ed8-4191-b8ed-1d58e39e464c,63049 - Daily WhatsApp messaging cap exceeded,"Wed, 08 Jul 2026 16"
Bayo,+2348098156220,https://accredit.vip/rsvp/1e651e58-bb6c-4fd1-8a1b-a4b6297cb4ab,63049 - Daily WhatsApp messaging cap exceeded,"Wed, 08 Jul 2026 16"
Fresh El,+2348063362251,https://accredit.vip/rsvp/09159053-583b-4144-bb03-590d46900336,63049 - Daily WhatsApp messaging cap exceeded,"Wed, 08 Jul 2026 16"
Mr 606,+2348052359048,https://accredit.vip/rsvp/9545deee-2688-4a77-a82b-672a752cc959,63049 - Daily WhatsApp messaging cap exceeded,"Wed, 08 Jul 2026 16"
Rudboi,+2348052098588,https://accredit.vip/rsvp/b36efa79-177a-4894-9e6a-11bbff85458f,63016 - Number not on WhatsApp,"Wed, 08 Jul 2026 16"
Lojay,+2348104871111,https://accredit.vip/rsvp/35c0a8b2-8458-4128-953c-1feba0e41bff,63049 - Daily WhatsApp messaging cap exceeded,"Wed, 08 Jul 2026 16"
Momurewa,+2348171612878,https://accredit.vip/rsvp/e93dc97d-11dc-4fdf-8470-97a172684c8d,63049 - Daily WhatsApp messaging cap exceeded,"Wed, 08 Jul 2026 16"
Eniola Tizzle,+2348068518089,https://accredit.vip/rsvp/a0605535-73a9-4dd6-b5aa-f2c2d0b27e6d,63049 - Daily WhatsApp messaging cap exceeded,"Wed, 08 Jul 2026 16"
Harry,+2347061092787,https://accredit.vip/rsvp/b906bb7f-c0e1-4167-80ce-4267d0713f20,63016 - Number not on WhatsApp,"Wed, 08 Jul 2026 16"
Boye and wife,+2348039399735,https://accredit.vip/rsvp/297ddc65-b69a-40e7-a99b-ace72a04a663,63016 - Number not on WhatsApp,"Wed, 08 Jul 2026 16"
Yinka,+2348022220931,https://accredit.vip/rsvp/912e847e-2e02-43eb-bce7-4f2a291f2cc7,63049 - Daily WhatsApp messaging cap exceeded,"Thu, 09 Jul 2026 21"
Lawrence,+2348139118654,https://accredit.vip/rsvp/72f194cc-765c-4ea4-b0a7-e13aa2cbaf94,63049 - Daily WhatsApp messaging cap exceeded,"Wed, 08 Jul 2026 16"
Tosin,+2348059452936,https://accredit.vip/rsvp/d64f22ee-bbc7-4a8c-901a-7c7431f9f564,63049 - Daily WhatsApp messaging cap exceeded,"Wed, 08 Jul 2026 16"
IK,+2348086632559,https://accredit.vip/rsvp/e73c2c17-174e-436b-9fd2-5c69e8942bff,63049 - Daily WhatsApp messaging cap exceeded,"Wed, 08 Jul 2026 16"
Victor,+2348172918584,https://accredit.vip/rsvp/39f8fbfd-e192-4321-86c6-23ce5aa18ba3,63049 - Daily WhatsApp messaging cap exceeded,"Wed, 08 Jul 2026 16"
Kimono,+2348179591961,https://accredit.vip/rsvp/a4d2b4e1-bbd9-4ed3-a406-8c4b6d15c481,63032 - WABA template policy violation,"Wed, 08 Jul 2026 16"
Ifeanyi INC,+2349037344331,https://accredit.vip/rsvp/35c55552-7d7b-4dc0-afa9-7b176752ebaf,63049 - Daily WhatsApp messaging cap exceeded,"Thu, 09 Jul 2026 21"
Toyosi,+2347062248436,https://accredit.vip/rsvp/8f7f3f3e-effa-4839-9d7a-d506e61f1c51,63049 - Daily WhatsApp messaging cap exceeded,"Wed, 08 Jul 2026 16"
Olamide Adedeji,+2348181890000,https://accredit.vip/rsvp/bb882665-5288-4894-b869-f84f6a82b1d4,63049 - Daily WhatsApp messaging cap exceeded,"Wed, 08 Jul 2026 16"
Bizzle,+2348127415579,https://accredit.vip/rsvp/a1041122-1b7b-4318-9f2a-6d6602eefeee,63049 - Daily WhatsApp messaging cap exceeded,"Wed, 08 Jul 2026 16"
Alessandro,+393807827463,https://accredit.vip/rsvp/27eb0c1c-7a28-4c57-b85f-9edc05603ddd,63016 - Number not on WhatsApp,"Thu, 09 Jul 2026 18"
Bisola,+2348034019685,https://accredit.vip/rsvp/38f31433-4dfd-492c-a184-257c2f93980a,63016 - Number not on WhatsApp,"Wed, 08 Jul 2026 17"
Sasha,+2348023238366,https://accredit.vip/rsvp/d568f770-67f5-46a5-8d29-238cce8c9d94,63049 - Daily WhatsApp messaging cap exceeded,"Wed, 08 Jul 2026 16"
Aibee,+2348170038824,https://accredit.vip/rsvp/fc18993f-3937-4aa4-ab3e-89b41d406982,63049 - Daily WhatsApp messaging cap exceeded,"Wed, 08 Jul 2026 16"
Matthew Ohio,+2347033851022,https://accredit.vip/rsvp/676c670c-4318-4158-b3b5-33844215c4d3,63016 - Number not on WhatsApp,"Thu, 09 Jul 2026 20"
Uyi & wife,+2347061610020,https://accredit.vip/rsvp/20b502b0-ccd1-4b13-9eaa-9c36cc94ef75,63032 - WABA template policy violation,"Wed, 08 Jul 2026 16"
Motunde,+2347065615828,https://accredit.vip/rsvp/9f644c6b-0526-4b2a-ab23-5e4496f13eec,63016 - Number not on WhatsApp,"Wed, 08 Jul 2026 17"
Elizabeth Ibeanu,+2347033450805,https://accredit.vip/rsvp/03201f11-0616-49a4-a0ed-fcae952046fa,63016 - Number not on WhatsApp,"Thu, 09 Jul 2026 18"
Erumu,+2348023029243,https://accredit.vip/rsvp/4110f851-9c0b-48da-937a-8b790cd44127,63016 - Number not on WhatsApp,"Wed, 08 Jul 2026 16"
Lammy B,+2347056603642,https://accredit.vip/rsvp/baf03490-d59b-4c28-8434-19d73b0d8bd8,63016 - Number not on WhatsApp,"Wed, 08 Jul 2026 16"
DJ Neptune,+2348025282300,https://accredit.vip/rsvp/d3fb0400-6a61-4414-b50e-9784d3accc09,63032 - WABA template policy violation,"Wed, 08 Jul 2026 16"
Dope Caesar,+2348121747041,https://accredit.vip/rsvp/a4c09b66-c757-4b7a-aad8-98480130a13c,63049 - Daily WhatsApp messaging cap exceeded,"Wed, 08 Jul 2026 16"
Demola (beer barn),+2349024495007,https://accredit.vip/rsvp/6d362a71-c414-4fb8-b766-546d208a05e8,63049 - Daily WhatsApp messaging cap exceeded,"Wed, 08 Jul 2026 16"
Sammy Okwandu,+2348028492887,https://accredit.vip/rsvp/69808694-2810-4a02-b7a1-0e464d60c730,63049 - Daily WhatsApp messaging cap exceeded,"Thu, 09 Jul 2026 21"
Wunmi,+2347068777025,https://accredit.vip/rsvp/fbbb3371-609b-45a1-b3e3-44821db02948,63049 - Daily WhatsApp messaging cap exceeded,"Thu, 09 Jul 2026 21"
Jules,+2348062661061,https://accredit.vip/rsvp/631e025f-75a1-4b9c-b135-855c67ae8d6d,63049 - Daily WhatsApp messaging cap exceeded,"Wed, 08 Jul 2026 16"
Dwin the Stoic,+2349152168899,https://accredit.vip/rsvp/87f8a1e4-9e64-4d82-9e85-5ad8a51e63e8,63049 - Daily WhatsApp messaging cap exceeded,"Wed, 08 Jul 2026 16"
Isaac,+2348035171101,https://accredit.vip/rsvp/68028ecd-8f64-4a6c-90d1-5713ae531586,63049 - Daily WhatsApp messaging cap exceeded,"Thu, 09 Jul 2026 21"
Ejiro,+2348094098684,https://accredit.vip/rsvp/d37f3589-a5e2-4af1-9df5-993b95bb4113,63049 - Daily WhatsApp messaging cap exceeded,"Wed, 08 Jul 2026 16"
Kamal,+2347066642805,https://accredit.vip/rsvp/359f768f-daf0-476d-a74a-0d0911fbad6c,63049 - Daily WhatsApp messaging cap exceeded,"Thu, 09 Jul 2026 21"
Leye (Elbenie),+2347088204765,https://accredit.vip/rsvp/63558a7b-68c5-4ab8-8af5-649bcaddffa9,63049 - Daily WhatsApp messaging cap exceeded,"Wed, 08 Jul 2026 16"
Casa,+2348124678998,https://accredit.vip/rsvp/9cc53dd8-ff70-4b83-91f7-a8f7753b24c6,63049 - Daily WhatsApp messaging cap exceeded,"Wed, 08 Jul 2026 16"
Nosa,+2348087722283,https://accredit.vip/rsvp/0aa4d185-48ff-4da5-92f6-4c1402a0d2b8,63024 - Invalid/malformed phone number,"Wed, 08 Jul 2026 16"
Bassey,+2348038695182,https://accredit.vip/rsvp/17d391be-374c-429f-800a-962d546c67bc,63049 - Daily WhatsApp messaging cap exceeded,"Wed, 08 Jul 2026 16"
Jimi,+2348053833839,https://accredit.vip/rsvp/52735135-069d-4aa9-95ba-812d342b675c,63049 - Daily WhatsApp messaging cap exceeded,"Thu, 09 Jul 2026 21"
Demola,+2348131674747,https://accredit.vip/rsvp/d95699a0-d019-4edc-8822-c9fae7ff3215,63016 - Number not on WhatsApp,"Wed, 08 Jul 2026 16"
Angel,+2348066320108,https://accredit.vip/rsvp/af8f3548-5878-41eb-b6d0-d79a583358d5,63016 - Number not on WhatsApp,"Wed, 08 Jul 2026 16"
Mr Ifeanyi,+2348033075178,https://accredit.vip/rsvp/0f56d43e-ae2f-439e-b683-b017b877331d,63016 - Number not on WhatsApp,"Wed, 08 Jul 2026 16"
Olu,+2348033374247,https://accredit.vip/rsvp/402e9bb2-c26a-4f4e-bc16-13b892e9cd94,63049 - Daily WhatsApp messaging cap exceeded,"Wed, 08 Jul 2026 16"
Motolani,+2349121293953,https://accredit.vip/rsvp/4e507797-07b1-4061-8787-7dd35bc573b0,63049 - Daily WhatsApp messaging cap exceeded,"Wed, 08 Jul 2026 16"
Femisola,+2348115910713,https://accredit.vip/rsvp/2c0715d2-ea11-47b3-a1ac-004814568e19,63049 - Daily WhatsApp messaging cap exceeded,"Wed, 08 Jul 2026 16"
Maleek,+2348134491733,https://accredit.vip/rsvp/02c9eb07-fc09-465e-ba7f-067ef193e3c3,63049 - Daily WhatsApp messaging cap exceeded,"Wed, 08 Jul 2026 16"
Bolaji,+2348033730347,https://accredit.vip/rsvp/8992e9d2-0a22-4b70-8f2a-f6ddbb84f617,63049 - Daily WhatsApp messaging cap exceeded,"Wed, 08 Jul 2026 16"
Dami,+2348112609917,https://accredit.vip/rsvp/3cfda9fe097c0517,63016 - Number not on WhatsApp,"Wed, 08 Jul 2026 18"
Guest,+2347037871750,https://accredit.vip/rsvp/b8e79946cb0f9112,63049 - Daily WhatsApp messaging cap exceeded,"Fri, 10 Jul 2026 14"
